{"name":"Validar que el registro de datos del centro de atención fue exitoso","id":"funcionalidad-cura-healthcare-service;validar-que-el-registro-de-datos-del-centro-de-atención-fue-exitoso","testSteps":[{"number":1,"description":"Example: {Facility\u003dHongkong CURA Healthcare Center, Apply for hospital readmission\u003dYes, HealthcareProgram\u003dMedicaid, VisitDate\u003d12/05/2023, Comment\u003dEl dia lunes}","duration":28849,"startTime":"2023-03-17T13:41:00.077313-04:00[America/La_Paz]","screenshots":[{"screenshot":"9de0420deb42290ce48b82a354d80a6040234ee581da95158be3e11be6327c6e.png","timeStamp":1679074888926}],"result":"SUCCESS","precondition":false,"level":0,"lineNumber":14,"children":[{"number":2,"description":"Given que como usuario ingresa a la web","duration":19260,"startTime":"2023-03-17T13:41:00.090092-04:00[America/La_Paz]","screenshots":[{"screenshot":"9acfc518a04029e1c164a907973d3373e3e12573e765fdfec3b3d8a007dea7a7.png","timeStamp":1679074879349}],"result":"SUCCESS","precondition":false,"level":1},{"number":3,"description":"And ingreso a la web como invitado con el usuario John Doe y password ThisIsNotAPassword","duration":4645,"startTime":"2023-03-17T13:41:19.362076-04:00[America/La_Paz]","screenshots":[{"screenshot":"9acfc518a04029e1c164a907973d3373e3e12573e765fdfec3b3d8a007dea7a7.png","timeStamp":1679074879365},{"screenshot":"4d40171e6b91125339eca78bf998f799fe8fec8d61351ab78bc8d78224bf5bc5.png","timeStamp":1679074884007}],"result":"SUCCESS","precondition":false,"level":1},{"number":4,"description":"When registro los datos de Facility Hongkong CURA Healthcare Center,Yes,Medicaid,12/05/2023 y El dia lunes","duration":3765,"startTime":"2023-03-17T13:41:24.009409-04:00[America/La_Paz]","screenshots":[{"screenshot":"4d40171e6b91125339eca78bf998f799fe8fec8d61351ab78bc8d78224bf5bc5.png","timeStamp":1679074884011},{"screenshot":"9de0420deb42290ce48b82a354d80a6040234ee581da95158be3e11be6327c6e.png","timeStamp":1679074887775}],"result":"SUCCESS","precondition":false,"level":1},{"number":5,"description":"Then verifico que se muestre la informacion Hongkong CURA Healthcare Center,Yes,Medicaid,12/05/2023 y El dia lunes","duration":1144,"startTime":"2023-03-17T13:41:27.776921-04:00[America/La_Paz]","screenshots":[{"screenshot":"9de0420deb42290ce48b82a354d80a6040234ee581da95158be3e11be6327c6e.png","timeStamp":1679074887778},{"screenshot":"9de0420deb42290ce48b82a354d80a6040234ee581da95158be3e11be6327c6e.png","timeStamp":1679074888921}],"result":"SUCCESS","precondition":false,"level":1}]}],"userStory":{"id":"funcionalidad-cura-healthcare-service","storyName":"Funcionalidad CURA Healthcare Service","path":"healthcareService.feature","type":"feature"},"featureTag":{"name":"Funcionalidad CURA Healthcare Service","type":"feature","displayName":"Funcionalidad CURA Healthcare Service"},"title":"Validar que el registro de datos del centro de atención fue exitoso","description":"","tags":[{"name":"Funcionalidad CURA Healthcare Service","type":"feature","displayName":"Funcionalidad CURA Healthcare Service"}],"startTime":"2023-03-17T13:40:59.960513-04:00[America/La_Paz]","duration":29713,"projectKey":"","driver":"chrome","isManualTestingUpToDate":false,"dataTable":{"headers":["Facility","Apply for hospital readmission","HealthcareProgram","VisitDate","Comment"],"rows":[{"values":["Hongkong CURA Healthcare Center","Yes","Medicaid","12/05/2023","El dia lunes"],"lineNumber":14,"result":"SUCCESS"}],"predefinedRows":true,"scenarioOutline":"When registro los datos de Facility \u003cFacility\u003e,\u003cApply for hospital readmission\u003e,\u003cHealthcareProgram\u003e,\u003cVisitDate\u003e y \u003cComment\u003e\n\rThen verifico que se muestre la informacion \u003cFacility\u003e,\u003cApply for hospital readmission\u003e,\u003cHealthcareProgram\u003e,\u003cVisitDate\u003e y \u003cComment\u003e\n\r","dataSetDescriptors":[{"startRow":0,"rowCount":0,"name":"","description":""}]},"manual":false,"testSource":"Cucumber","result":"SUCCESS","scenarioOutline":"When registro los datos de Facility \u003cFacility\u003e,\u003cApply for hospital readmission\u003e,\u003cHealthcareProgram\u003e,\u003cVisitDate\u003e y \u003cComment\u003e\nThen verifico que se muestre la informacion \u003cFacility\u003e,\u003cApply for hospital readmission\u003e,\u003cHealthcareProgram\u003e,\u003cVisitDate\u003e y \u003cComment\u003e"}